PassengerId,Pclass,Sex,Age,SibSp,ParCh,Ticket,Fare,Cabin,Embarked
0,3,1,4,2,1,0,2,1,1
1,1,2,6,2,1,1,4,1,2
2,3,2,5,1,1,0,2,1,1
3,1,2,5,2,1,0,3,1,1
4,3,1,5,1,1,0,2,1,1
5,3,1,5,1,1,0,2,1,3
6,1,1,7,1,1,0,3,1,1
7,3,1,1,3,2,0,2,1,1
8,3,2,5,1,2,0,2,1,1
9,2,2,3,2,1,0,3,1,2
10,3,2,1,2,2,0,2,1,1
11,1,2,7,1,1,0,3,1,1
12,3,1,4,1,1,0,2,1,1
13,3,1,6,2,2,0,3,1,1
14,3,2,3,1,1,0,2,1,1
15,2,2,7,1,1,0,2,1,1
16,3,1,1,3,2,0,3,1,3
17,2,1,5,1,1,0,2,1,1
18,3,2,5,2,1,0,2,1,1
19,3,2,5,1,1,0,2,1,2
20,2,1,5,1,1,0,3,1,1
21,2,1,5,1,1,0,2,1,1
22,3,2,3,1,1,0,2,1,3
23,1,1,5,1,1,0,3,1,1
24,3,2,2,3,2,0,2,1,1
25,3,2,6,2,2,0,3,1,1
26,3,1,5,1,1,0,2,1,2
27,1,1,4,3,2,0,6,1,1
28,3,2,3,1,1,0,2,1,3
29,3,1,5,1,1,0,2,1,1
30,1,1,6,1,1,1,3,1,2
31,1,2,6,2,1,1,6,1,2
32,3,2,3,1,1,0,2,1,3
33,2,1,8,1,1,0,2,1,1
34,1,1,5,2,1,1,4,1,2
35,1,1,6,2,1,0,3,1,1
36,3,1,5,1,1,0,2,1,2
37,3,1,4,1,1,0,2,1,1
38,3,2,3,3,1,0,2,1,1
39,3,2,3,2,1,0,2,1,2
40,3,2,6,2,1,0,2,1,1
41,2,2,5,2,1,0,2,1,1
42,3,1,5,1,1,0,2,1,2
43,2,2,1,2,2,0,3,1,2
44,3,2,4,1,1,0,2,1,3
45,3,1,5,1,1,0,2,1,1
46,3,1,5,2,1,0,2,1,3
47,3,2,3,1,1,0,2,1,3
48,3,1,5,3,1,0,2,1,2
49,3,2,3,2,1,0,2,1,1
50,3,1,2,3,2,0,3,1,1
51,3,1,4,1,1,0,2,1,1
52,1,2,6,2,1,1,4,1,2
53,2,2,5,2,1,0,3,1,1
54,1,1,7,1,2,0,4,1,2
55,1,1,6,1,1,0,3,1,1
56,2,2,4,1,1,0,2,1,1
57,3,1,5,1,1,0,2,1,2
58,2,2,1,2,2,0,3,1,1
59,3,1,2,3,2,0,3,1,1
60,3,1,4,1,1,0,2,1,2
61,1,2,6,1,1,0,4,1,1
62,1,1,6,2,1,0,4,1,1
63,3,1,1,3,2,0,3,1,1
64,1,1,6,1,1,1,3,1,2
65,3,1,5,2,2,0,2,1,2
66,2,2,5,1,1,0,2,1,1
67,3,1,4,1,1,0,2,1,1
68,3,2,3,3,2,0,2,1,1
69,3,1,5,3,1,0,2,1,1
70,2,1,5,1,1,0,2,1,1
71,3,2,3,3,2,0,3,1,1
72,2,1,4,1,1,0,4,1,1
73,3,1,5,2,1,0,2,1,2
74,3,1,5,1,1,0,4,1,1
75,3,1,4,1,1,0,2,1,1
76,3,1,5,1,1,0,2,1,1
77,3,1,5,1,1,0,2,1,1
78,2,1,1,1,2,0,3,1,1
79,3,2,5,1,1,0,2,1,1
80,3,1,4,1,1,0,2,1,1
81,3,1,5,1,1,0,2,1,1
82,3,2,3,1,1,0,2,1,3
83,1,1,5,1,1,0,3,1,1
84,2,2,3,1,1,0,2,1,1
85,3,2,5,3,1,0,2,1,1
86,3,1,3,2,2,0,3,1,1
87,3,1,5,1,1,0,2,1,1
88,1,2,4,3,2,0,6,1,1
89,3,1,4,1,1,0,2,1,1
90,3,1,5,1,1,0,2,1,1
91,3,1,4,1,1,0,2,1,1
92,1,1,6,2,1,0,4,1,1
93,3,1,5,2,2,0,2,1,1
94,3,1,7,1,1,0,2,1,1
95,3,1,5,1,1,0,2,1,1
96,1,1,8,1,1,1,3,1,2
97,1,1,4,1,2,1,4,1,2
98,2,2,5,1,2,0,2,1,1
99,2,1,5,2,1,0,3,1,1
100,3,2,5,1,1,0,2,1,1
101,3,1,5,1,1,0,2,1,1
102,1,1,4,1,2,0,4,1,1
103,3,1,5,1,1,0,2,1,1
104,3,1,6,3,1,0,2,1,1
105,3,1,5,1,1,0,2,1,1
106,3,2,4,1,1,0,2,1,1
107,3,1,5,1,1,0,2,1,1
108,3,1,6,1,1,0,2,1,1
109,3,2,3,2,1,0,2,1,3
110,1,1,6,1,1,0,3,1,1
111,3,2,3,2,1,0,2,1,2
112,3,1,4,1,1,0,2,1,1
113,3,2,4,2,1,0,2,1,1
114,3,2,3,1,1,0,2,1,2
115,3,1,4,1,1,0,2,1,1
116,3,1,8,1,1,0,2,1,3
117,2,1,5,2,1,0,2,1,1
118,1,1,4,1,2,1,6,1,2
119,3,2,1,3,2,0,3,1,1
120,2,1,4,3,1,0,4,1,1
121,3,1,5,1,1,0,2,1,1
122,2,1,5,2,1,0,3,1,2
123,2,2,5,1,1,0,2,1,1
124,1,1,7,1,2,0,4,1,1
125,3,1,2,2,1,0,2,1,2
126,3,1,5,1,1,0,2,1,3
127,3,1,4,1,1,0,2,1,1
128,3,2,3,2,2,0,2,1,2
129,3,1,6,1,1,0,2,1,1
130,3,1,5,1,1,0,2,1,2
131,3,1,4,1,1,0,2,1,1
132,3,2,6,2,1,0,2,1,1
133,2,2,5,2,1,0,3,1,1
134,2,1,4,1,1,0,2,1,1
135,2,1,4,1,1,0,2,1,2
136,1,2,4,1,2,0,3,1,1
137,1,1,6,2,1,0,3,1,1
138,3,1,3,1,1,0,2,1,1
139,1,1,4,1,1,1,4,1,2
140,3,2,5,1,2,0,2,1,2
141,3,2,4,1,1,0,2,1,1
142,3,2,4,2,1,0,2,1,1
143,3,1,4,1,1,0,2,1,3
144,2,1,3,1,1,0,2,1,1
145,2,1,4,2,2,0,3,1,1
146,3,1,5,1,1,0,2,1,1
147,3,2,2,3,2,0,3,1,1
148,2,1,6,1,2,0,3,1,1
149,2,1,6,1,1,0,2,1,1
150,2,1,7,1,1,0,2,1,1
151,1,2,4,2,1,0,4,1,1
152,3,1,7,1,1,0,2,1,1
153,3,1,6,1,2,0,2,1,1
154,3,1,5,1,1,0,2,1,1
155,1,1,7,1,2,1,4,1,2
156,3,2,3,1,1,0,2,1,3
157,3,1,5,1,1,0,2,1,1
158,3,1,5,1,1,0,2,1,1
159,3,1,5,3,2,0,4,1,1
160,3,1,6,1,2,0,2,1,1
161,2,2,6,1,1,0,2,1,1
162,3,1,5,1,1,0,2,1,1
163,3,1,3,1,1,0,2,1,1
164,3,1,1,3,2,0,3,1,1
165,3,1,2,1,2,0,2,1,1
166,1,2,6,1,2,0,3,1,1
167,3,2,6,2,2,0,3,1,1
168,1,1,6,1,1,1,3,1,1
169,3,1,5,1,1,0,4,1,1
170,1,1,7,1,1,0,3,1,1
171,3,1,1,3,2,0,3,1,3
172,3,2,1,2,2,0,2,1,1
173,3,1,4,1,1,0,2,1,1
174,1,1,7,1,1,0,3,1,2
175,3,1,3,2,2,0,2,1,1
176,3,1,5,3,2,0,3,1,1
177,1,2,6,1,1,1,3,1,2
178,2,1,5,1,1,0,2,1,1
179,3,1,6,1,1,0,2,1,1
180,3,2,3,3,2,0,4,1,1
181,2,1,5,1,1,0,2,1,2
182,3,1,2,3,2,0,3,1,1
183,2,1,1,3,2,0,3,1,1
184,3,2,1,1,2,0,2,1,1
185,1,1,6,1,1,0,3,1,1
186,3,2,5,2,1,0,2,1,3
187,1,1,6,1,1,0,3,1,1
188,3,1,6,2,2,0,2,1,3
189,3,1,6,1,1,0,2,1,1
190,2,2,5,1,1,0,2,1,1
191,2,1,4,1,1,0,2,1,1
192,3,2,4,2,1,0,2,1,1
193,2,1,1,2,2,0,3,1,1
194,1,2,6,1,1,1,3,1,2
195,1,2,7,1,1,1,6,1,2
196,3,1,5,1,1,0,2,1,3
197,3,1,6,1,2,0,2,1,1
198,3,2,3,1,1,0,2,1,3
199,2,2,4,1,1,0,2,1,1
200,3,1,5,1,1,0,2,1,1
201,3,1,5,3,2,0,4,1,1
202,3,1,5,1,1,0,2,1,1
203,3,1,6,1,1,0,2,1,2
204,3,1,3,1,1,0,2,1,1
205,3,2,1,1,2,0,2,1,1
206,3,1,5,2,1,0,2,1,1
207,3,1,5,1,1,0,2,1,2
208,3,2,3,1,1,0,2,1,3
209,1,1,6,1,1,0,3,1,2
210,3,1,4,1,1,0,2,1,1
211,2,2,5,1,1,0,2,1,1
212,3,1,4,1,1,0,2,1,1
213,2,1,5,1,1,0,2,1,1
214,3,1,5,2,1,0,2,1,3
215,1,2,5,2,1,0,5,1,2
216,3,2,5,1,1,0,2,1,1
217,2,1,6,2,1,0,3,1,1
218,1,2,5,1,1,0,4,1,2
219,2,1,5,1,1,0,2,1,1
220,3,1,3,1,1,0,2,1,1
221,2,1,5,1,1,0,2,1,1
222,3,1,7,1,1,0,2,1,1
223,3,1,5,1,1,0,2,1,1
224,1,1,6,2,1,0,5,1,1
225,3,1,4,1,1,0,2,1,1
226,2,1,4,1,1,0,2,1,1
227,3,1,4,1,1,0,2,1,1
228,2,1,3,1,1,0,2,1,1
229,3,2,3,3,2,0,3,1,1
230,1,2,5,2,1,0,4,1,1
231,3,1,5,1,1,0,2,1,1
232,2,1,7,1,1,0,2,1,1
233,3,2,1,3,2,0,3,1,1
234,2,1,4,1,1,0,2,1,1
235,3,2,3,1,1,0,2,1,1
236,2,1,6,2,1,0,3,1,1
237,2,2,2,1,2,0,3,1,1
238,2,1,4,1,1,0,2,1,1
239,2,1,5,1,1,0,2,1,1
240,3,2,3,2,1,0,2,1,2
241,3,2,3,2,1,0,2,1,3
242,2,1,5,1,1,0,2,1,1
243,3,1,4,1,1,0,2,1,1
244,3,1,5,1,1,0,2,1,2
245,1,1,6,3,1,0,5,1,3
246,3,2,4,1,1,0,2,1,1
247,2,2,4,1,2,0,2,1,1
248,1,1,6,2,2,0,3,1,1
249,2,1,7,2,1,0,3,1,1
250,3,1,5,1,1,0,2,1,1
251,3,2,5,2,2,0,2,1,1
252,1,1,7,1,1,0,3,1,1
253,3,1,5,2,1,0,2,1,1
254,3,2,6,1,2,0,2,1,1
255,3,2,5,1,2,0,2,1,2
256,1,2,6,1,1,1,4,1,2
257,1,2,5,1,1,0,5,1,1
258,1,2,5,1,1,1,6,1,2
259,2,2,6,1,2,0,3,1,1
260,3,1,5,1,1,0,2,1,3
261,3,1,1,3,2,0,3,1,1
262,1,1,7,2,2,0,4,1,1
263,1,1,6,1,1,0,2,1,1
264,3,2,3,1,1,0,2,1,3
265,2,1,6,1,1,0,2,1,1
266,3,1,3,3,2,0,3,1,1
267,3,1,4,2,1,0,2,1,1
268,1,2,7,1,2,1,6,1,1
269,1,2,5,1,1,1,6,1,1
270,1,1,6,1,1,0,3,1,1
271,3,1,4,1,1,0,2,1,1
272,2,2,6,1,2,0,2,1,1
273,1,1,6,1,2,1,3,1,2
274,3,2,3,1,1,0,2,1,3
275,1,2,7,2,1,0,4,1,1
276,3,2,6,1,1,0,2,1,1
277,2,1,5,1,1,0,2,1,1
278,3,1,2,3,2,0,3,1,3
279,3,2,5,2,2,0,2,1,1
280,3,1,7,1,1,0,2,1,3
281,3,1,5,1,1,0,2,1,1
282,3,1,3,1,1,0,2,1,1
283,3,1,4,1,1,0,2,1,1
284,1,1,6,1,1,0,3,1,1
285,3,1,5,1,1,0,2,1,2
286,3,1,5,1,1,0,2,1,1
287,3,1,4,1,1,0,2,1,1
288,2,1,6,1,1,0,2,1,1
289,3,2,4,1,1,0,2,1,3
290,1,2,5,1,1,0,4,1,1
291,1,2,4,2,1,0,5,1,2
292,2,1,6,1,1,0,2,1,2
293,3,2,4,1,1,0,2,1,1
294,3,1,4,1,1,0,2,1,1
295,1,1,6,1,1,1,3,1,2
296,3,1,4,1,1,0,2,1,2
297,1,2,1,2,2,0,6,1,1
298,1,1,6,1,1,0,3,1,1
299,1,2,6,1,2,1,6,1,2
300,3,2,3,1,1,0,2,1,3
301,3,1,5,3,1,0,2,1,3
302,3,1,4,1,1,0,2,1,1
303,2,2,4,1,1,0,2,1,3
304,3,1,5,1,1,0,2,1,1
305,1,1,1,2,2,0,6,1,1
306,1,2,5,1,1,0,5,1,2
307,1,2,3,2,1,1,5,1,2
308,2,1,5,2,1,0,2,1,2
309,1,2,5,1,1,1,4,1,2
310,1,2,4,1,1,0,4,1,2
311,1,2,3,3,2,1,6,1,2
312,2,2,5,2,2,0,3,1,1
313,3,1,5,1,1,0,2,1,1
314,2,1,6,2,2,0,3,1,1
315,3,2,5,1,1,0,2,1,1
316,2,2,4,2,1,0,3,1,1
317,2,1,7,1,1,0,2,1,1
318,1,2,5,1,2,0,6,1,1
319,1,2,6,2,2,0,6,1,2
320,3,1,4,1,1,0,2,1,1
321,3,1,5,1,1,0,2,1,1
322,2,2,5,1,1,0,2,1,3
323,2,2,4,2,2,0,3,1,1
324,3,1,5,3,2,0,4,1,1
325,1,2,6,1,1,1,6,1,2
326,3,1,7,1,1,0,2,1,1
327,2,2,6,1,1,0,2,1,1
328,3,2,5,2,2,0,2,1,1
329,1,2,3,1,2,0,4,1,2
330,3,2,3,3,1,0,2,1,3
331,1,1,6,1,1,0,3,1,1
332,1,1,6,1,2,1,6,1,1
333,3,1,3,3,1,0,2,1,1
334,1,2,6,2,1,1,6,1,1
335,3,1,5,1,1,0,2,1,1
336,1,1,5,2,1,0,4,1,1
337,1,2,6,1,1,0,6,1,2
338,3,1,6,1,1,0,2,1,1
339,1,1,6,1,1,0,3,1,1
340,2,1,1,2,2,0,3,1,1
341,1,2,4,3,2,0,6,1,1
342,2,1,5,1,1,0,2,1,1
343,2,1,4,1,1,0,2,1,1
344,2,1,6,1,1,0,2,1,1
345,2,2,4,1,1,0,2,1,1
346,2,2,6,1,1,0,2,1,1
347,3,2,5,2,1,0,2,1,1
348,3,1,1,2,2,0,2,1,1
349,3,1,6,1,1,0,2,1,1
350,3,1,4,1,1,0,2,1,1
351,1,1,6,1,1,0,3,1,1
352,3,1,3,2,2,0,2,1,2
353,3,1,4,2,1,0,2,1,1
354,3,1,5,1,1,0,2,1,2
355,3,1,5,1,1,0,2,1,1
356,1,2,4,1,2,0,3,1,1
357,2,2,6,1,1,0,2,1,1
358,3,2,3,1,1,0,2,1,3
359,3,2,3,1,1,0,2,1,3
360,3,1,6,2,2,0,3,1,1
361,2,1,5,2,1,0,3,1,2
362,3,2,6,1,2,0,2,1,2
363,3,1,5,1,1,0,2,1,1
364,3,1,5,2,1,0,2,1,3
365,3,1,5,1,1,0,2,1,1
366,1,2,7,2,1,0,4,1,2
367,3,2,5,1,1,0,2,1,2
368,3,2,3,1,1,0,2,1,3
369,1,2,4,1,1,1,4,1,2
370,1,1,4,2,1,0,4,1,2
371,3,1,3,2,1,0,2,1,1
372,3,1,4,1,1,0,2,1,1
373,1,1,4,1,1,1,6,1,2
374,3,2,1,3,2,0,2,1,1
375,1,2,6,2,1,1,4,1,2
376,3,2,4,1,1,0,2,1,1
377,1,1,5,1,2,0,6,1,2
378,3,1,4,1,1,0,2,1,2
379,3,1,4,1,1,0,2,1,1
380,1,2,6,1,1,1,6,1,2
381,3,2,1,1,2,0,2,1,2
382,3,1,5,1,1,0,2,1,1
383,1,2,5,2,1,0,3,1,1
384,3,1,5,1,1,0,2,1,1
385,2,1,3,1,1,0,4,1,1
386,3,1,1,3,2,0,3,1,1
387,2,2,6,1,1,0,2,1,1
388,3,1,5,1,1,0,2,1,3
389,2,2,3,1,1,0,2,1,2
390,1,1,6,2,2,0,5,1,1
391,3,1,4,1,1,0,2,1,1
392,3,1,5,3,1,0,2,1,1
393,1,2,4,2,1,0,5,1,2
394,3,2,4,1,2,0,2,1,1
395,3,1,4,1,1,0,2,1,1
396,3,2,5,1,1,0,2,1,1
397,2,1,6,1,1,0,3,1,1
398,2,1,4,1,1,0,2,1,1
399,2,2,5,1,1,0,2,1,1
400,3,1,6,1,1,0,2,1,1
401,3,1,5,1,1,0,2,1,1
402,3,2,4,2,1,0,2,1,1
403,3,1,5,2,1,0,2,1,1
404,3,2,4,1,1,0,2,1,1
405,2,1,5,2,1,0,2,1,1
406,3,1,7,1,1,0,2,1,1
407,2,1,1,2,2,0,2,1,1
408,3,1,4,1,1,0,2,1,1
409,3,2,3,3,2,0,3,1,1
410,3,1,5,1,1,0,2,1,1
411,3,1,5,1,1,0,2,1,3
412,1,2,5,2,1,0,5,1,3
413,2,1,5,1,1,0,2,1,1
414,3,1,6,1,1,0,2,1,1
415,3,2,5,1,1,0,2,1,1
416,2,2,5,2,2,0,3,1,1
417,2,2,3,1,2,0,2,1,1
418,2,1,5,1,1,0,2,1,1
419,3,2,2,1,2,0,2,1,1
420,3,1,5,1,1,0,2,1,2
421,3,1,4,1,1,0,2,1,3
422,3,1,5,1,1,0,2,1,1
423,3,2,5,2,2,0,2,1,1
424,3,1,3,2,2,0,2,1,1
425,3,1,5,1,1,0,2,1,1
426,2,2,5,2,1,0,3,1,1
427,2,2,4,1,1,0,3,1,1
428,3,1,5,1,1,0,2,1,3
429,3,1,5,1,1,0,2,1,1
430,1,1,5,1,1,0,3,1,1
431,3,2,5,2,1,0,2,1,1
432,2,2,6,2,1,0,3,1,1
433,3,1,3,1,1,0,2,1,1
434,1,1,6,2,1,0,4,1,1
435,1,2,3,2,2,0,5,1,1
436,3,2,4,3,2,0,3,1,1
437,2,2,4,3,2,0,2,1,1
438,1,1,7,2,2,0,6,1,1
439,2,1,5,1,1,0,2,1,1
440,2,2,6,2,2,0,3,1,1
441,3,1,4,1,1,0,2,1,1
442,3,1,4,2,1,0,2,1,1
443,2,2,5,1,1,0,2,1,1
444,3,1,5,1,1,0,2,1,1
445,1,1,1,1,2,0,4,1,1
446,2,2,2,1,2,0,2,1,1
447,1,1,5,1,1,0,3,1,1
448,3,2,1,3,2,0,2,1,2
449,1,1,7,1,1,0,3,1,1
450,2,1,6,2,2,0,3,1,1
451,3,1,5,2,1,0,2,1,1
452,1,1,5,1,1,0,3,1,2
453,1,1,6,2,1,0,5,1,2
454,3,1,5,1,1,0,2,1,1
455,3,1,5,1,1,0,2,1,2
456,1,1,7,1,1,0,3,1,1
457,1,2,6,2,1,0,3,1,1
458,2,2,6,1,1,0,2,1,1
459,3,1,5,1,1,0,2,1,3
460,1,1,6,1,1,0,3,1,1
461,3,1,5,1,1,0,2,1,1
462,1,1,6,1,1,0,3,1,1
463,2,1,6,1,1,0,2,1,1
464,3,1,5,1,1,0,2,1,1
465,3,1,6,1,1,0,2,1,1
466,2,1,5,1,1,0,2,1,1
467,1,1,7,1,1,0,3,1,1
468,3,1,5,1,1,0,2,1,3
469,3,2,1,3,2,0,2,1,2
470,3,1,5,1,1,0,2,1,1
471,3,1,6,1,1,0,2,1,1
472,2,2,5,2,2,0,3,1,1
473,2,2,4,1,1,0,2,1,2
474,3,2,4,1,1,0,2,1,1
475,1,1,6,1,1,0,3,1,1
476,2,1,5,2,1,0,2,1,1
477,3,1,5,2,1,0,2,1,1
478,3,1,4,1,1,0,2,1,1
479,3,2,1,1,2,0,2,1,1
480,3,1,2,3,2,0,3,1,1
481,2,1,5,1,1,0,2,1,1
482,3,1,6,1,1,0,2,1,1
483,3,2,7,1,1,0,2,1,1
484,1,1,4,2,1,0,5,1,2
485,3,2,3,3,2,0,3,1,1
486,1,2,5,2,1,0,5,1,1
487,1,1,7,1,1,0,3,1,2
488,3,1,5,1,1,0,2,1,1
489,3,1,2,2,2,0,2,1,1
490,3,1,5,2,1,0,2,1,1
491,3,1,4,1,1,0,2,1,1
492,1,1,7,1,1,0,3,1,1
493,1,1,8,1,1,1,3,1,2
494,3,1,4,1,1,0,2,1,1
495,3,1,5,1,1,0,2,1,2
496,1,2,7,2,1,0,4,1,2
497,3,1,5,1,1,0,2,1,1
498,1,2,4,2,2,0,6,1,1
499,3,1,4,1,1,0,2,1,1
500,3,1,3,1,1,0,2,1,1
501,3,2,4,1,1,0,2,1,3
502,3,2,3,1,1,0,2,1,3
503,3,2,6,1,1,0,2,1,1
504,1,2,3,1,1,0,5,1,1
505,1,1,3,2,1,1,5,1,2
506,2,2,5,1,2,0,3,1,1
507,1,1,6,1,1,0,3,1,1
508,3,1,5,1,1,0,2,1,1
509,3,1,5,1,1,0,4,1,1
510,3,1,5,1,1,0,2,1,3
511,3,1,5,1,1,0,2,1,1
512,1,1,6,1,1,1,3,1,1
513,1,2,7,2,1,1,4,1,2
514,3,1,4,1,1,0,2,1,1
515,1,1,6,1,1,0,3,1,1
516,2,2,5,1,1,0,2,1,1
517,3,1,5,1,1,0,2,1,3
518,2,2,6,2,1,0,3,1,1
519,3,1,5,1,1,0,2,1,1
520,1,2,5,1,1,0,5,1,1
521,3,1,4,1,1,0,2,1,1
522,3,1,5,1,1,0,2,1,2
523,1,2,6,1,2,0,4,1,2
524,3,1,5,1,1,0,2,1,2
525,3,1,6,1,1,0,2,1,3
526,2,2,6,1,1,0,2,1,1
527,1,1,6,1,1,1,6,1,1
528,3,1,6,1,1,0,2,1,1
529,2,1,4,3,2,0,2,1,1
530,2,2,1,2,2,0,3,1,1
531,3,1,5,1,1,0,2,1,2
532,3,1,3,2,2,0,2,1,2
533,3,2,5,1,2,0,2,1,2
534,3,2,5,1,1,0,2,1,1
535,2,2,2,1,2,0,3,1,1
536,1,1,6,1,1,0,3,1,1
537,1,2,5,1,1,1,5,1,2
538,3,1,5,1,1,0,2,1,1
539,1,2,4,1,2,0,3,1,2
540,1,2,6,1,2,0,4,1,1
541,3,2,2,3,2,0,3,1,1
542,3,2,2,3,2,0,3,1,1
543,2,1,5,2,1,0,3,1,1
544,1,1,6,2,1,1,5,1,2
545,1,1,7,1,1,0,3,1,1
546,2,2,4,2,1,0,3,1,1
547,2,1,5,1,1,0,2,1,2
548,3,1,5,2,2,0,2,1,1
549,2,1,2,2,2,0,3,1,1
550,1,1,3,1,2,0,5,1,2
551,2,1,5,1,1,0,3,1,1
552,3,1,5,1,1,0,2,1,3
553,3,1,4,1,1,0,2,1,2
554,3,2,4,1,1,0,2,1,1
555,1,1,7,1,1,0,3,1,1
556,1,2,6,2,1,0,3,1,2
557,1,1,6,1,1,1,6,1,2
558,1,2,6,2,2,0,4,1,1
559,3,2,6,2,1,0,2,1,1
560,3,1,5,1,1,0,2,1,3
561,3,1,6,1,1,0,2,1,1
562,2,1,5,1,1,0,2,1,1
563,3,1,5,1,1,0,2,1,1
564,3,2,3,1,1,0,2,1,1
565,3,1,4,3,1,0,2,1,1
566,3,1,4,1,1,0,2,1,1
567,3,2,5,1,2,0,2,1,1
568,3,1,5,1,1,0,2,1,2
569,3,1,5,1,1,0,2,1,1
570,2,1,7,1,1,0,2,1,1
571,1,2,7,3,1,0,3,1,1
572,1,1,6,1,1,1,3,1,1
573,3,2,3,1,1,0,2,1,3
574,3,1,3,1,1,0,2,1,1
575,3,1,4,1,1,0,2,1,1
576,2,2,5,1,1,0,2,1,1
577,1,2,6,2,1,0,4,1,1
578,3,2,5,2,1,0,2,1,2
579,3,1,5,1,1,0,2,1,1
580,2,2,4,2,2,0,3,1,1
581,1,2,6,2,2,0,5,1,2
582,2,1,7,1,1,0,3,1,1
583,1,1,6,1,1,0,3,1,2
584,3,1,5,1,1,0,2,1,2
585,1,2,3,1,2,0,4,1,1
586,2,1,6,1,1,0,2,1,1
587,1,1,7,2,2,0,4,1,2
588,3,1,4,1,1,0,2,1,1
589,3,1,5,1,1,0,2,1,1
590,3,1,5,1,1,0,2,1,1
591,1,2,7,2,1,0,4,1,2
592,3,1,6,1,1,0,2,1,1
593,3,2,3,1,2,0,2,1,3
594,2,1,6,2,1,0,3,1,1
595,3,1,6,2,2,0,2,1,1
596,2,2,4,1,1,0,3,1,1
597,3,1,6,1,1,0,2,1,1
598,3,1,5,1,1,0,2,1,2
599,1,1,6,2,1,1,4,1,2
600,2,2,4,3,2,0,3,1,1
601,3,1,5,1,1,0,2,1,1
602,1,1,6,1,1,0,3,1,1
603,3,1,6,1,1,0,2,1,1
604,1,1,5,1,1,0,3,1,2
605,3,1,6,2,1,0,2,1,1
606,3,1,5,1,1,0,2,1,1
607,1,1,5,1,1,0,3,1,1
608,2,2,4,2,2,0,3,1,2
609,1,2,6,1,1,1,6,1,1
610,3,2,6,2,2,0,3,1,1
611,3,1,5,1,1,0,2,1,1
612,3,2,3,2,1,0,2,1,3
613,3,1,5,1,1,0,2,1,3
614,3,1,5,1,1,0,2,1,1
615,2,2,4,2,2,0,4,1,1
616,3,1,5,2,2,0,2,1,1
617,3,2,5,2,1,0,2,1,1
618,2,2,1,3,2,0,3,1,1
619,2,1,5,1,1,0,2,1,1
620,3,1,5,2,1,0,2,1,2
621,1,1,6,2,1,0,3,1,1
622,3,1,4,2,2,0,2,1,2
623,3,1,4,1,1,0,2,1,1
624,3,1,4,1,1,0,2,1,1
625,1,1,7,1,1,0,3,1,1
626,2,1,7,1,1,0,2,1,3
627,1,2,4,1,1,0,4,1,1
628,3,1,5,1,1,0,2,1,1
629,3,1,5,1,1,0,2,1,3
630,1,1,8,1,1,0,3,1,1
631,3,1,7,1,1,0,2,1,1
632,1,1,5,1,1,0,3,1,2
633,1,1,6,1,1,0,2,1,1
634,3,2,2,3,2,0,3,1,1
635,2,2,5,1,1,0,2,1,1
636,3,1,5,1,1,0,2,1,1
637,2,1,5,2,2,0,3,1,1
638,3,2,6,1,2,0,3,1,1
639,3,1,5,2,1,0,2,1,1
640,3,1,4,1,1,0,2,1,1
641,1,2,4,1,1,1,4,1,2
642,3,2,1,3,2,0,3,1,1
643,3,1,5,1,1,0,4,1,1
644,3,2,1,3,2,0,2,1,2
645,1,1,6,2,1,1,4,1,2
646,3,1,4,1,1,0,2,1,1
647,1,1,7,1,1,0,3,1,2
648,3,1,5,1,1,0,2,1,1
649,3,2,4,1,1,0,2,1,1
650,3,1,5,1,1,0,2,1,1
651,2,2,3,1,2,0,2,1,1
652,3,1,4,1,1,0,2,1,1
653,3,2,3,1,1,0,2,1,3
654,3,2,3,1,1,0,2,1,3
655,2,1,4,3,1,0,4,1,1
656,3,1,5,1,1,0,2,1,1
657,3,2,5,2,2,0,2,1,3
658,2,1,4,1,1,0,2,1,1
659,1,1,7,1,2,0,5,1,2
660,1,1,6,3,1,1,6,1,1
661,3,1,6,1,1,0,2,1,2
662,1,1,6,1,1,0,3,1,1
663,3,1,6,1,1,0,2,1,1
664,3,1,4,2,1,0,2,1,1
665,2,1,5,3,1,0,4,1,1
666,2,1,4,1,1,0,2,1,1
667,3,1,5,1,1,0,2,1,1
668,3,1,6,1,1,0,2,1,1
669,1,2,6,2,1,0,3,1,1
670,2,2,6,2,2,0,3,1,1
671,1,1,5,2,1,0,3,1,1
672,2,1,8,1,1,0,2,1,1
673,2,1,5,1,1,0,2,1,1
674,2,1,5,1,1,0,2,1,1
675,3,1,3,1,1,0,2,1,1
676,3,1,4,1,1,0,2,1,1
677,3,2,3,1,1,0,2,1,1
678,3,2,6,2,2,0,3,1,1
679,1,1,6,1,2,1,6,1,2
680,3,2,3,1,1,0,2,1,3
681,1,1,5,1,1,1,4,1,2
682,3,1,4,1,1,0,2,1,1
683,3,1,3,3,2,0,3,1,1
684,2,1,7,2,2,0,3,1,1
685,2,1,4,2,2,0,3,1,2
686,3,1,3,3,2,0,3,1,1
687,3,1,4,1,1,0,2,1,1
688,3,1,3,1,1,0,2,1,1
689,1,2,3,1,2,0,6,1,1
690,1,1,5,2,1,0,4,1,1
691,3,2,1,1,2,0,2,1,2
692,3,1,5,1,1,0,4,1,1
693,3,1,4,1,1,0,2,1,2
694,1,1,7,1,1,0,3,1,1
695,2,1,7,1,1,0,2,1,1
696,3,1,6,1,1,0,2,1,1
697,3,2,3,1,1,0,2,1,3
698,1,1,6,2,2,0,5,1,2
699,3,1,6,1,1,0,2,1,1
700,1,2,3,2,1,1,6,1,2
701,1,1,5,1,1,1,3,1,1
702,3,2,3,1,2,0,2,1,2
703,3,1,4,1,1,0,2,1,3
704,3,1,5,2,1,0,2,1,1
705,2,1,6,1,1,0,3,1,1
706,2,2,6,1,1,0,2,1,1
707,1,1,6,1,1,1,3,1,1
708,1,2,4,1,1,0,6,1,1
709,3,1,5,2,2,0,2,1,2
710,1,2,4,1,1,1,3,1,2
711,1,1,6,1,1,0,3,1,1
712,1,1,6,2,1,0,3,1,1
713,3,1,5,1,1,0,2,1,1
714,2,1,7,1,1,0,2,1,1
715,3,1,4,1,1,0,2,1,1
716,1,2,6,1,1,1,6,1,2
717,2,2,5,1,1,0,2,1,1
718,3,1,5,1,1,0,2,1,3
719,3,1,5,1,1,0,2,1,1
720,2,2,2,1,2,0,3,1,1
721,3,1,3,2,1,0,2,1,1
722,2,1,5,1,1,0,2,1,1
723,2,1,6,1,1,0,2,1,1
724,1,1,5,2,1,0,3,1,1
725,3,1,4,1,1,0,2,1,1
726,2,2,5,3,1,0,2,1,1
727,3,2,3,1,1,0,2,1,3
728,2,1,4,2,1,0,3,1,1
729,3,2,4,2,1,0,2,1,1
730,1,2,5,1,1,0,6,1,1
731,3,1,2,1,1,0,2,1,2
732,2,1,5,1,1,0,2,1,1
733,2,1,4,1,1,0,2,1,1
734,2,1,4,1,1,0,2,1,1
735,3,1,5,1,1,0,2,1,1
736,3,2,6,2,2,0,3,1,1
737,1,1,5,1,1,1,6,1,2
738,3,1,5,1,1,0,2,1,1
739,3,1,5,1,1,0,2,1,1
740,1,1,6,1,1,0,3,1,1
741,1,1,6,2,1,0,4,1,1
742,1,2,4,3,2,1,6,1,2
743,3,1,4,2,1,0,2,1,1
744,3,1,5,1,1,0,2,1,1
745,1,1,8,2,2,0,4,1,1
746,3,1,3,2,2,0,2,1,1
747,2,2,5,1,1,0,2,1,1
748,1,1,4,2,1,0,3,1,1
749,3,1,5,1,1,0,2,1,3
750,2,2,1,2,2,0,2,1,1
751,3,1,2,1,2,0,2,1,1
752,3,1,5,1,1,0,2,1,1
753,3,1,4,1,1,0,2,1,1
754,2,2,6,2,2,0,4,1,1
755,2,1,1,2,2,0,2,1,1
756,3,1,5,1,1,0,2,1,1
757,2,1,3,1,1,0,2,1,1
758,3,1,5,1,1,0,2,1,1
759,1,2,5,1,1,0,5,1,1
760,3,1,5,1,1,0,2,1,1
761,3,1,6,1,1,0,2,1,1
762,3,1,4,1,1,0,2,1,2
763,1,2,6,2,2,0,5,1,1
764,3,1,3,1,1,0,2,1,1
765,1,2,7,2,1,0,4,1,1
766,1,1,6,1,1,0,3,1,2
767,3,2,5,1,1,0,2,1,3
768,3,1,5,2,1,0,2,1,3
769,3,1,5,1,1,0,2,1,1
770,3,1,4,1,1,0,2,1,1
771,3,1,6,1,1,0,2,1,1
772,2,2,7,1,1,0,2,1,1
773,3,1,5,1,1,0,2,1,2
774,2,2,7,2,2,0,2,1,1
775,3,1,3,1,1,0,2,1,1
776,3,1,5,1,1,0,2,1,3
777,3,2,1,1,1,0,2,1,1
778,3,1,5,1,1,0,2,1,3
779,1,2,6,1,2,0,6,1,1
780,3,2,2,1,1,0,2,1,2
781,1,2,3,2,1,0,4,1,1
782,1,1,5,1,1,0,3,1,1
783,3,1,5,2,2,0,2,1,1
784,3,1,4,1,1,0,2,1,1
785,3,1,4,1,1,0,2,1,1
786,3,2,3,1,1,0,2,1,1
787,3,1,2,3,2,0,3,1,3
788,3,1,1,2,2,0,2,1,1
789,1,1,6,1,1,1,4,1,2
790,3,1,5,1,1,0,2,1,3
791,2,1,3,1,1,0,3,1,1
792,3,2,3,3,2,0,4,1,1
793,1,1,6,1,1,1,3,1,2
794,3,1,4,1,1,0,2,1,1
795,2,1,6,1,1,0,2,1,1
796,1,2,6,1,1,0,3,1,1
797,3,2,5,1,1,0,2,1,1
798,3,1,5,1,1,0,2,1,2
799,3,2,5,2,2,0,2,1,1
800,2,1,5,1,1,0,2,1,1
801,2,2,5,2,2,0,3,1,1
802,1,1,2,2,2,0,5,1,1
803,3,1,1,1,2,0,2,1,2
804,3,1,5,1,1,0,2,1,1
805,3,1,5,1,1,0,2,1,1
806,1,1,6,1,1,0,2,1,1
807,3,2,3,1,1,0,2,1,1
808,2,1,6,1,1,0,2,1,1
809,1,2,5,2,1,0,3,1,1
810,3,1,5,1,1,0,2,1,1
811,3,1,6,1,1,0,2,1,1
812,2,1,5,1,1,0,2,1,1
813,3,2,2,3,2,0,3,1,1
814,3,1,5,1,1,0,2,1,1
815,1,1,6,1,1,0,2,1,1
816,3,2,4,1,1,0,2,1,1
817,2,1,5,2,2,0,3,1,2
818,3,1,6,1,1,0,2,1,1
819,3,1,2,3,2,0,3,1,1
820,1,2,7,2,2,0,5,1,1
821,3,1,5,1,1,0,2,1,1
822,1,1,6,1,1,0,2,1,1
823,3,2,5,1,2,0,2,1,1
824,3,1,1,3,2,0,3,1,1
825,3,1,5,1,1,0,2,1,3
826,3,1,5,1,1,0,4,1,1
827,2,1,1,1,2,0,3,1,2
828,3,1,5,1,1,0,2,1,3
829,1,2,7,1,1,0,4,1,1
830,3,2,3,2,1,0,2,1,2
831,2,1,1,2,2,0,2,1,1
832,3,1,5,1,1,0,2,1,2
833,3,1,4,1,1,0,2,1,1
834,3,1,3,1,1,0,2,1,1
835,1,2,6,2,2,1,4,1,2
836,3,1,4,1,1,0,2,1,1
837,3,1,5,1,1,0,2,1,1
838,3,1,5,1,1,0,4,1,1
839,1,1,6,1,1,0,3,1,2
840,3,1,4,1,1,0,2,1,1
841,2,1,3,1,1,0,2,1,1
842,1,2,5,1,1,0,3,1,2
843,3,1,5,1,1,0,2,1,2
844,3,1,3,1,1,0,2,1,1
845,3,1,6,1,1,0,2,1,1
846,3,1,5,3,2,0,4,1,1
847,3,1,5,1,1,0,2,1,2
848,2,1,5,1,2,0,3,1,1
849,1,2,6,2,1,0,5,1,2
850,3,1,1,3,2,0,3,1,1
851,3,1,8,1,1,0,2,1,1
852,3,2,2,2,2,0,2,1,2
853,1,2,3,1,2,1,3,1,1
854,2,2,6,2,1,0,3,1,1
855,3,2,3,1,2,0,2,1,1
856,1,2,6,2,2,0,6,1,1
857,1,1,7,1,1,0,3,1,1
858,3,2,4,1,2,0,2,1,2
859,3,1,5,1,1,0,2,1,2
860,3,1,6,3,1,0,2,1,1
861,2,1,4,2,1,0,2,1,1
862,1,2,6,1,1,0,3,1,1
863,3,2,3,3,2,0,4,1,1
864,2,1,4,1,1,0,2,1,1
865,2,2,6,1,1,0,2,1,1
866,2,2,5,2,1,0,2,1,2
867,1,1,5,1,1,1,3,1,1
868,3,1,5,1,1,0,2,1,1
869,3,1,1,2,2,0,2,1,1
870,3,1,5,1,1,0,2,1,1
871,1,2,6,2,2,0,3,1,1
872,1,1,5,1,1,0,2,1,1
873,3,1,6,1,1,0,2,1,1
874,2,2,5,2,1,0,2,1,2
875,3,2,3,1,1,0,2,1,2
876,3,1,4,1,1,0,2,1,1
877,3,1,4,1,1,0,2,1,1
878,3,1,5,1,1,0,2,1,1
879,1,2,7,1,2,0,4,1,2
880,2,2,4,1,2,0,3,1,1
881,3,1,5,1,1,0,2,1,1
882,3,2,4,1,1,0,2,1,1
883,2,1,5,1,1,0,2,1,1
884,3,1,4,1,1,0,2,1,1
885,3,2,6,1,2,0,3,1,3
886,2,1,5,1,1,0,2,1,1
887,1,2,4,1,1,0,3,1,1
888,3,2,3,2,2,0,2,1,1
889,1,1,5,1,1,0,3,1,2
890,3,1,5,1,1,0,2,1,3
